"id_pe","sdom_bio","type_eco","origine","iter","annee","temps","tbe","pert","hd","is","stbop","stpeu","stft","stri","strt","stsab","stepn","stepx","sttot","nbop","npeu","nft","nri","nrt","nsab","nepn","nepx","ntot","vbop","vpeu","vft","vri","vrt","vsab","vepn","vepx","vtot","pct_bop","pct_peu","pct_ft","pct_ri","pct_rt","pct_sab","pct_epn","pct_epx","dqrt","dqft","dqri","dqepn","dqepx","dqsab","dqbop","dqpeu","dqtot"
319801702,"4E","RE20","BR",1,0,50,0,0,13.9351062109923,0.52215213004644,0,0,0,0,0,1.27234502470387,15.0089589025252,0,16.2813039272291,0,0,0,0,0,50,1225,0,1275,0,0,0,0,0,5.81924274630006,60.1845241285371,0,66.0037668748371,0,0,0,0,0,7.81476121562952,92.1852387843705,0,NA,NA,NA,12.4899959967968,NA,18,NA,NA,12.7510091872807
319801702,"4E","RE20","BR",1,10,60,0,0,16.4455464937517,0.467844988704541,0,0,0,0,0,1,20.7824135870359,0,21.7824135870359,0,0,0,0,0,25,1426.74020861545,0,1451.74020861545,0,0,0,0,0,5.96044720950188,100.852533902955,0,106.812981112457,0,0,0,0,0,4.59085948397915,95.4091405160209,0,NA,NA,NA,13.618541563887,NA,22.5675833419103,NA,NA,13.8217682363839
319801702,"4E","RE20","BR",2,0,50,0,0,10.9640619421029,0.52215213004644,0,0,0,0,0,1.27234502470387,15.0089589025252,0,16.2813039272291,0,0,0,0,0,50,1225,0,1275,0,0,0,0,0,6.53074530628693,48.2817073311634,0,54.8124526374504,0,0,0,0,0,7.81476121562952,92.1852387843705,0,NA,NA,NA,12.4899959967968,NA,18,NA,NA,12.7510091872807
319801702,"4E","RE20","BR",2,10,60,0,0,11.5919745579414,0.51672893042006,0,0,0,0,0,1,27.3859680620521,0,28.3859680620521,0,0,0,0,0,6.78686018406256,1783.81808163698,0,1790.60494182104,0,0,0,0,0,2.83310716323696,120.573247877598,0,123.406355040835,0,0,0,0,0,3.5228673470427,96.4771326529573,0,NA,NA,NA,13.9811800007064,NA,43.3132336417339,NA,NA,14.2071519315212
319801702,"4E","RE20","BR",3,0,50,0,0,11.6360103858128,0.52215213004644,0,0,0,0,0,1.27234502470387,15.0089589025252,0,16.2813039272291,0,0,0,0,0,50,1225,0,1275,0,0,0,0,0,7.86535360762219,64.4030247390213,0,72.2683783466434,0,0,0,0,0,7.81476121562952,92.1852387843705,0,NA,NA,NA,12.4899959967968,NA,18,NA,NA,12.7510091872807
319801702,"4E","RE20","BR",3,10,60,0,0,14.4695052679747,0.600653342100861,0,0,0,0,0,0.0899745728467782,22.3920374708079,0,22.4820120436546,0,0,0,0,0,210.558009815937,1441.94461317033,0,1652.50262298627,0,0,0,0,0,1.40102020128223,112.55772384496,0,113.958744046243,0,0,0,0,0,0.40020694176335,99.5997930582367,0,NA,NA,NA,14.0613680533531,NA,2.33253985232017,NA,NA,13.1613842493983
319801702,"4E","RE20","BR",4,0,50,0,0,11.4178785032801,0.52215213004644,0,0,0,0,0,1.27234502470387,15.0089589025252,0,16.2813039272291,0,0,0,0,0,50,1225,0,1275,0,0,0,0,0,6.64226924232901,57.7445812376149,0,64.3868504799439,0,0,0,0,0,7.81476121562952,92.1852387843705,0,NA,NA,NA,12.4899959967968,NA,18,NA,NA,12.7510091872807
319801702,"4E","RE20","BR",4,10,60,0,0,14.1818582139693,0.541604439039285,0,0,0,0,0,2.72501805392166,22.0513103263014,0,24.776328380223,0,0,0,0,0,169.41904748625,1405.58999048939,0,1575.00903797564,0,0,0,0,0,6.2773559291395,112.243437158338,0,118.520793087478,0,0,0,0,0,10.9984740761542,89.0015259238458,0,NA,NA,NA,14.1332789892281,NA,14.3106260526662,NA,NA,14.152462356497
319801702,"4E","RE20","BR",5,0,50,0,0,10.9099162087206,0.52215213004644,0,0,0,0,0,1.27234502470387,15.0089589025252,0,16.2813039272291,0,0,0,0,0,50,1225,0,1275,0,0,0,0,0,4.87169391392376,52.3252561917128,0,57.1969501056366,0,0,0,0,0,7.81476121562952,92.1852387843705,0,NA,NA,NA,12.4899959967968,NA,18,NA,NA,12.7510091872807
319801702,"4E","RE20","BR",5,10,60,0,0,10.0156518991334,0.569893481301012,0,0,0,0,0,3.42672083090461,20.1311785810978,0,23.5578994120024,0,0,0,0,0,96.1036032381949,1336.79431985184,0,1432.89792309004,0,0,0,0,0,18.0794556292916,83.7848923247582,0,101.86434795405,0,0,0,0,0,14.5459523829988,85.4540476170012,0,NA,NA,NA,13.8470533118864,NA,21.3071118702558,NA,NA,14.4682403336769
319801702,"4E","RE20","BR",6,0,50,0,0,12.4515992254365,0.52215213004644,0,0,0,0,0,1.27234502470387,15.0089589025252,0,16.2813039272291,0,0,0,0,0,50,1225,0,1275,0,0,0,0,0,6.3721473312102,57.2401146623506,0,63.6122619935608,0,0,0,0,0,7.81476121562952,92.1852387843705,0,NA,NA,NA,12.4899959967968,NA,18,NA,NA,12.7510091872807
319801702,"4E","RE20","BR",6,10,60,0,0,12.069019335806,0.605209595667093,0,0,0,0,0,2.09116824108221,20.393795759022,0,22.4849640001042,0,0,0,0,0,171.447809917281,1413.72272098613,0,1585.17053090341,0,0,0,0,0,9.81034209487918,93.6191426964959,0,103.429484791375,0,0,0,0,0,9.30029614934015,90.6997038506599,0,NA,NA,NA,13.5525797996049,NA,12.4618803086657,NA,NA,13.4388826798979
319801702,"4E","RE20","BR",7,0,50,0,0,11.4328803597122,0.52215213004644,0,0,0,0,0,1.27234502470387,15.0089589025252,0,16.2813039272291,0,0,0,0,0,50,1225,0,1275,0,0,0,0,0,7.35965606776183,47.0418621817394,0,54.4015182495012,0,0,0,0,0,7.81476121562952,92.1852387843705,0,NA,NA,NA,12.4899959967968,NA,18,NA,NA,12.7510091872807
319801702,"4E","RE20","BR",7,10,60,0,0,12.3894093128681,0.587277000403656,0,0,0,0,0,1,21.9911679095507,0,22.9911679095507,0,0,0,0,0,23.1978763364016,1550.62956382321,0,1573.82744015961,0,0,0,0,0,6.31164499556458,95.386237264322,0,101.697882259887,0,0,0,0,0,4.34949631064455,95.6505036893554,0,NA,NA,NA,13.4377072878645,NA,23.4277696281405,NA,NA,13.6381988826395
319801702,"4E","RE20","BR",8,0,50,0,0,9.48955773276918,0.52215213004644,0,0,0,0,0,1.27234502470387,15.0089589025252,0,16.2813039272291,0,0,0,0,0,50,1225,0,1275,0,0,0,0,0,6.95081319384479,50.4071457248755,0,57.3579589187203,0,0,0,0,0,7.81476121562952,92.1852387843705,0,NA,NA,NA,12.4899959967968,NA,18,NA,NA,12.7510091872807
319801702,"4E","RE20","BR",8,10,60,0,0,10.6452024890242,0.555259427658991,0,0,0,0,0,4.94208088765989,22.1547485801751,0,27.096829467835,0,0,0,0,0,174.615052588583,1699.32016306479,0,1873.93521565337,0,0,0,0,0,30.9268489036267,89.4054796477596,0,120.332328551386,0,0,0,0,0,18.2385946426918,81.7614053573082,0,NA,NA,NA,12.8840044752165,NA,18.9831878084712,NA,NA,13.56866162078
319801702,"4E","RE20","BR",9,0,50,0,0,12.2435775585381,0.52215213004644,0,0,0,0,0,1.27234502470387,15.0089589025252,0,16.2813039272291,0,0,0,0,0,50,1225,0,1275,0,0,0,0,0,5.78179189926762,53.8099143426319,0,59.5917062418995,0,0,0,0,0,7.81476121562952,92.1852387843705,0,NA,NA,NA,12.4899959967968,NA,18,NA,NA,12.7510091872807
319801702,"4E","RE20","BR",9,10,60,0,0,14.0957331246408,0.610394780736871,0,0,0,0,0,2.37455966308985,24.5437560814813,0,26.9183157445712,0,0,0,0,0,105.113398274941,1653.3658406929,0,1758.47923896784,0,0,0,0,0,10.203211823245,111.711949134769,0,121.915160958014,0,0,0,0,0,8.82135303568813,91.1786469643119,0,NA,NA,NA,13.7480496566966,NA,16.9596764981716,NA,NA,13.9608023352961
319801702,"4E","RE20","BR",10,0,50,0,0,11.7153023491233,0.52215213004644,0,0,0,0,0,1.27234502470387,15.0089589025252,0,16.2813039272291,0,0,0,0,0,50,1225,0,1275,0,0,0,0,0,6.16767615071576,52.1619791939462,0,58.3296553446619,0,0,0,0,0,7.81476121562952,92.1852387843705,0,NA,NA,NA,12.4899959967968,NA,18,NA,NA,12.7510091872807
319801702,"4E","RE20","BR",10,10,60,0,0,13.807619961154,0.649293999628233,0,0,0,0,0,1,20.3645618035659,0,21.3645618035659,0,0,0,0,0,25,1474.36515640585,0,1499.36515640585,0,0,0,0,0,5.25154043132892,79.8530575734597,0,85.1045980047886,0,0,0,0,0,4.68064830533099,95.319351694669,0,NA,NA,NA,13.2614210693145,NA,22.5675833419103,NA,NA,13.4694030015047
319801702,"4E","RE20","BR",11,0,50,0,0,13.8254247362318,0.52215213004644,0,0,0,0,0,1.27234502470387,15.0089589025252,0,16.2813039272291,0,0,0,0,0,50,1225,0,1275,0,0,0,0,0,5.43544640132357,60.769068920672,0,66.2045153219956,0,0,0,0,0,7.81476121562952,92.1852387843705,0,NA,NA,NA,12.4899959967968,NA,18,NA,NA,12.7510091872807
319801702,"4E","RE20","BR",11,10,60,0,0,14.5860293386362,0.636215312908733,0,0,0,0,0,3.19364393364922,20.1167144405028,0,23.310358374152,0,0,0,0,0,45.8414673039167,1530.49281207251,0,1576.33427937643,0,0,0,0,0,23.8140037542642,95.5266898283857,0,119.34069358265,0,0,0,0,0,13.7005355404168,86.2994644595832,0,NA,NA,NA,12.9365341028326,NA,29.7830418162289,NA,NA,13.7216195750049
319801702,"4E","RE20","BR",12,0,50,0,0,11.2998566858263,0.52215213004644,0,0,0,0,0,1.27234502470387,15.0089589025252,0,16.2813039272291,0,0,0,0,0,50,1225,0,1275,0,0,0,0,0,5.38248181309462,65.2319899337326,0,70.6144717468272,0,0,0,0,0,7.81476121562952,92.1852387843705,0,NA,NA,NA,12.4899959967968,NA,18,NA,NA,12.7510091872807
319801702,"4E","RE20","BR",12,10,60,0,0,13.1790180175306,0.607500217514632,0,0,0,0,0,6.07182950585674,21.1563458189362,0,27.228175324793,0,0,0,0,0,444.589443877718,1373.91236886578,0,1818.5018127435,0,0,0,0,0,24.141087528372,100.186806449565,0,124.327893977937,0,0,0,0,0,22.299803176043,77.700196823957,0,NA,NA,NA,14.0021869329633,NA,13.1866740099558,NA,NA,13.8072586131826
319801702,"4E","RE20","BR",13,0,50,0,0,10.6409016195687,0.52215213004644,0,0,0,0,0,1.27234502470387,15.0089589025252,0,16.2813039272291,0,0,0,0,0,50,1225,0,1275,0,0,0,0,0,6.43309605971751,61.0616182631208,0,67.4947143228383,0,0,0,0,0,7.81476121562952,92.1852387843705,0,NA,NA,NA,12.4899959967968,NA,18,NA,NA,12.7510091872807
319801702,"4E","RE20","BR",13,10,60,0,0,11.7937583313862,0.579876322156365,0,0,0,0,0,0.0855392705362721,19.2944688337937,0,19.38000810433,0,0,0,0,0,25,1533.80271466676,0,1558.80271466676,0,0,0,0,0,4.11618228266025,89.1515791614423,0,93.2677614441026,0,0,0,0,0,0.441378920358451,99.5586210796415,0,NA,NA,NA,12.6557160397826,NA,6.60036307712177,NA,NA,12.5816169759043
319801702,"4E","RE20","BR",14,0,50,0,0,12.0025351295415,0.52215213004644,0,0,0,0,0,1.27234502470387,15.0089589025252,0,16.2813039272291,0,0,0,0,0,50,1225,0,1275,0,0,0,0,0,4.56459491124881,60.8015184111562,0,65.366113322405,0,0,0,0,0,7.81476121562952,92.1852387843705,0,NA,NA,NA,12.4899959967968,NA,18,NA,NA,12.7510091872807
319801702,"4E","RE20","BR",14,10,60,0,0,13.6168018857475,0.579926205053861,0,0,0,0,0,3.05826089284402,21.257253716207,0,24.315514609051,0,0,0,0,0,169.930757714719,1466.01113820845,0,1635.94189592316,0,0,0,0,0,9.60894439977558,104.035365236297,0,113.644309636072,0,0,0,0,0,12.5774055865782,87.4225944134218,0,NA,NA,NA,13.5875139320996,NA,15.13757570055,NA,NA,13.7566552785997
319801702,"4E","RE20","BR",15,0,50,0,0,12.0888695843294,0.52215213004644,0,0,0,0,0,1.27234502470387,15.0089589025252,0,16.2813039272291,0,0,0,0,0,50,1225,0,1275,0,0,0,0,0,5.95934315332503,59.1773276229939,0,65.136670776319,0,0,0,0,0,7.81476121562952,92.1852387843705,0,NA,NA,NA,12.4899959967968,NA,18,NA,NA,12.7510091872807
319801702,"4E","RE20","BR",15,10,60,0,0,13.1207492771781,0.544592092273598,0,0,0,0,0,3.80187847225461,17.2602296356227,0,21.0621081078773,0,0,0,0,0,138.602925036897,1231.43849638133,0,1370.04142141823,0,0,0,0,0,18.8485757813069,74.5146664280803,0,93.3632422093872,0,0,0,0,0,18.05079744526,81.94920255474,0,NA,NA,NA,13.3589394372377,NA,18.6882216657805,NA,NA,13.9906898548161
319801702,"4E","RE20","BR",16,0,50,0,0,12.663791367917,0.52215213004644,0,0,0,0,0,1.27234502470387,15.0089589025252,0,16.2813039272291,0,0,0,0,0,50,1225,0,1275,0,0,0,0,0,6.11034307489563,62.4544743335803,0,68.5648174084759,0,0,0,0,0,7.81476121562952,92.1852387843705,0,NA,NA,NA,12.4899959967968,NA,18,NA,NA,12.7510091872807
319801702,"4E","RE20","BR",16,10,60,0,0,14.7953424756367,0.576680384392292,0,0,0,0,0,1,22.1616869953743,0,23.1616869953743,0,0,0,0,0,25,1429.61642285128,0,1454.61642285128,0,0,0,0,0,2.7743986437896,106.589999250479,0,109.364397894269,0,0,0,0,0,4.31747480310787,95.6825251968921,0,NA,NA,NA,14.0490417602599,NA,22.5675833419103,NA,NA,14.2385547723904
319801702,"4E","RE20","BR",17,0,50,0,0,11.1892737384481,0.52215213004644,0,0,0,0,0,1.27234502470387,15.0089589025252,0,16.2813039272291,0,0,0,0,0,50,1225,0,1275,0,0,0,0,0,5.1429932537864,60.5356776072269,0,65.6786708610133,0,0,0,0,0,7.81476121562952,92.1852387843705,0,NA,NA,NA,12.4899959967968,NA,18,NA,NA,12.7510091872807
319801702,"4E","RE20","BR",17,10,60,0,0,11.1236667179001,0.608031907008602,0,0,0,0,0,1,18.2690171506618,0,19.2690171506618,0,0,0,0,0,70.0953924351692,1119.13465468372,0,1189.23004711888,0,0,0,0,0,3.09188943664973,83.8942996259738,0,86.9861890626236,0,0,0,0,0,5.18967829122337,94.8103217087766,0,NA,NA,NA,14.4168864868695,NA,13.4775305072715,NA,NA,14.3632230295709
319801702,"4E","RE20","BR",18,0,50,0,0,12.5043380996715,0.52215213004644,0,0,0,0,0,1.27234502470387,15.0089589025252,0,16.2813039272291,0,0,0,0,0,50,1225,0,1275,0,0,0,0,0,5.64341835003072,58.8863319559595,0,64.5297503059902,0,0,0,0,0,7.81476121562952,92.1852387843705,0,NA,NA,NA,12.4899959967968,NA,18,NA,NA,12.7510091872807
319801702,"4E","RE20","BR",18,10,60,0,0,16.5847194850702,0.494229419088676,0,0,0,0,0,1,22.4836222888451,0,23.4836222888451,0,0,0,0,0,25,1543.20139630115,0,1568.20139630115,0,0,0,0,0,1,103.129598810911,0,104.129598810911,0,0,0,0,0,4.25828685072579,95.7417131492742,0,NA,NA,NA,13.6199933622547,NA,22.5675833419103,NA,NA,13.8081877810349
319801702,"4E","RE20","BR",19,0,50,0,0,11.1579504541194,0.52215213004644,0,0,0,0,0,1.27234502470387,15.0089589025252,0,16.2813039272291,0,0,0,0,0,50,1225,0,1275,0,0,0,0,0,7.26347347480948,61.8294011818968,0,69.0928746567063,0,0,0,0,0,7.81476121562952,92.1852387843705,0,NA,NA,NA,12.4899959967968,NA,18,NA,NA,12.7510091872807
319801702,"4E","RE20","BR",19,10,60,0,0,12.1394262126211,0.615774361132736,0,0,0,0,0,1,23.5000347653654,0,24.5000347653654,0,0,0,0,0,25,1743.22224386923,0,1768.22224386923,0,0,0,0,0,7.6298367450798,107.040539412132,0,114.670376157212,0,0,0,0,0,4.08162686125513,95.9183731387449,0,NA,NA,NA,13.1012559797649,NA,22.5675833419103,NA,NA,13.2821990635429
319801702,"4E","RE20","BR",20,0,50,0,0,11.8764523691597,0.52215213004644,0,0,0,0,0,1.27234502470387,15.0089589025252,0,16.2813039272291,0,0,0,0,0,50,1225,0,1275,0,0,0,0,0,6.49525546364756,67.9799761640637,0,74.4752316277113,0,0,0,0,0,7.81476121562952,92.1852387843705,0,NA,NA,NA,12.4899959967968,NA,18,NA,NA,12.7510091872807
319801702,"4E","RE20","BR",20,10,60,0,0,13.3228840320836,0.547970328672434,0,0,0,0,0,6.81851614299178,19.5794819766904,0,26.3979981196821,0,0,0,0,0,455.175411751999,1418.96893904122,0,1874.14435079322,0,0,0,0,0,30.3236015750771,85.1306184053916,0,115.454219980469,0,0,0,0,0,25.8296712958243,74.1703287041757,0,NA,NA,NA,13.2546789689069,NA,13.810538056743,NA,NA,13.3918025379316
319801702,"4E","RE20","BR",21,0,50,0,0,11.3953793335271,0.52215213004644,0,0,0,0,0,1.27234502470387,15.0089589025252,0,16.2813039272291,0,0,0,0,0,50,1225,0,1275,0,0,0,0,0,6.108097990323,66.9658096461405,0,73.0739076364635,0,0,0,0,0,7.81476121562952,92.1852387843705,0,NA,NA,NA,12.4899959967968,NA,18,NA,NA,12.7510091872807
319801702,"4E","RE20","BR",21,10,60,0,0,12.9773546776984,0.516928929158616,0,0,0,0,0,1,22.745670088953,0,23.745670088953,0,0,0,0,0,25,1716.16481308333,0,1741.16481308333,0,0,0,0,0,7.17709900315286,99.5253648528993,0,106.702463856052,0,0,0,0,0,4.21129408542243,95.7887059145776,0,NA,NA,NA,12.9904719810499,NA,22.5675833419103,NA,NA,13.1773273002628
319801702,"4E","RE20","BR",22,0,50,0,0,11.8863904354154,0.52215213004644,0,0,0,0,0,1.27234502470387,15.0089589025252,0,16.2813039272291,0,0,0,0,0,50,1225,0,1275,0,0,0,0,0,5.74160241272154,60.4136744946794,0,66.155276907401,0,0,0,0,0,7.81476121562952,92.1852387843705,0,NA,NA,NA,12.4899959967968,NA,18,NA,NA,12.7510091872807
319801702,"4E","RE20","BR",22,10,60,0,0,12.969551290492,0.567193670028282,0,0,0,0,0,0.857895172225796,26.2686932210593,0,27.1265883932851,0,0,0,0,0,41.9125444652647,1762.85306509774,0,1804.765609563,0,0,0,0,0,5.62244583624352,123.516961182664,0,129.139407018908,0,0,0,0,0,3.16256198452939,96.8374380154706,0,NA,NA,NA,13.7741952895661,NA,16.1435914285722,NA,NA,13.8338239577752
319801702,"4E","RE20","BR",23,0,50,0,0,11.168653015296,0.52215213004644,0,0,0,0,0,1.27234502470387,15.0089589025252,0,16.2813039272291,0,0,0,0,0,50,1225,0,1275,0,0,0,0,0,7.45501734837566,59.8185772316357,0,67.2735945800113,0,0,0,0,0,7.81476121562952,92.1852387843705,0,NA,NA,NA,12.4899959967968,NA,18,NA,NA,12.7510091872807
319801702,"4E","RE20","BR",23,10,60,0,0,12.5560165512375,0.563193582683048,0,0,0,0,0,1,22.5547228247254,0,23.5547228247254,0,0,0,0,0,25,1670.94598146631,0,1695.94598146631,0,0,0,0,0,6.65378481764016,100.738060913641,0,107.391845731281,0,0,0,0,0,4.2454331024872,95.7545668975128,0,NA,NA,NA,13.1096954098338,NA,22.5675833419103,NA,NA,13.2980527328079
319801702,"4E","RE20","BR",24,0,50,0,0,12.4751893440838,0.52215213004644,0,0,0,0,0,1.27234502470387,15.0089589025252,0,16.2813039272291,0,0,0,0,0,50,1225,0,1275,0,0,0,0,0,5.88051714159034,54.9499946722199,0,60.8305118138102,0,0,0,0,0,7.81476121562952,92.1852387843705,0,NA,NA,NA,12.4899959967968,NA,18,NA,NA,12.7510091872807
319801702,"4E","RE20","BR",24,10,60,0,0,15.5935445837829,0.590187684004967,0,0,0,0,0,4.15455793575692,23.8432056238497,0,27.9977635596066,0,0,0,0,0,244.161043525031,1720.88880643773,0,1965.04984996276,0,0,0,0,0,11.9257206752974,111.212066693168,0,123.137787368465,0,0,0,0,0,14.8388921383379,85.1611078616621,0,NA,NA,NA,13.2819235622221,NA,14.7190331334415,NA,NA,13.4688322527846
319801702,"4E","RE20","BR",25,0,50,0,0,11.3225935586045,0.52215213004644,0,0,0,0,0,1.27234502470387,15.0089589025252,0,16.2813039272291,0,0,0,0,0,50,1225,0,1275,0,0,0,0,0,5.66529737308557,59.75036338886,0,65.4156607619456,0,0,0,0,0,7.81476121562952,92.1852387843705,0,NA,NA,NA,12.4899959967968,NA,18,NA,NA,12.7510091872807
319801702,"4E","RE20","BR",25,10,60,0,0,12.9392315178832,0.467889042830754,0,0,0,0,0,1,24.9060598859279,0,25.9060598859279,0,0,0,0,0,25,1620.10420024964,0,1645.10420024964,0,0,0,0,0,6.30214506289196,117.778905190234,0,124.081050253126,0,0,0,0,0,3.86010070386349,96.1398992961365,0,NA,NA,NA,13.9905922467725,NA,22.5675833419103,NA,NA,14.159862504754
319801702,"4E","RE20","BR",26,0,50,0,0,11.2749061221366,0.52215213004644,0,0,0,0,0,1.27234502470387,15.0089589025252,0,16.2813039272291,0,0,0,0,0,50,1225,0,1275,0,0,0,0,0,4.81015938262144,62.4468292466549,0,67.2569886292763,0,0,0,0,0,7.81476121562952,92.1852387843705,0,NA,NA,NA,12.4899959967968,NA,18,NA,NA,12.7510091872807
319801702,"4E","RE20","BR",26,10,60,0,0,13.6734450363433,0.564395455055335,0,0,0,0,0,5.8368766938135,21.9085895557745,0,27.745466249588,0,0,0,0,0,122.607403642316,1580.01348032204,0,1702.62088396436,0,0,0,0,0,34.2142180678776,103.622731367138,0,137.836949435015,0,0,0,0,0,21.0372269159476,78.9627730840524,0,NA,NA,NA,13.2871510692548,NA,24.6199388997511,NA,NA,14.4042979125499
319801702,"4E","RE20","BR",27,0,50,0,0,10.5953520547157,0.52215213004644,0,0,0,0,0,1.27234502470387,15.0089589025252,0,16.2813039272291,0,0,0,0,0,50,1225,0,1275,0,0,0,0,0,7.95555660852363,56.6558386134706,0,64.6113952219942,0,0,0,0,0,7.81476121562952,92.1852387843705,0,NA,NA,NA,12.4899959967968,NA,18,NA,NA,12.7510091872807
319801702,"4E","RE20","BR",27,10,60,0,0,12.6115994104093,0.598440974029535,0,0,0,0,0,1,23.1327277498863,0,24.1327277498863,0,0,0,0,0,25,1657.70012336493,0,1682.70012336493,0,0,0,0,0,0.716823655477872,101.343829257377,0,102.060652912855,0,0,0,0,0,4.14375038894935,95.8562496110506,0,NA,NA,NA,13.329550297098,NA,22.5675833419103,NA,NA,13.5130972656448
319801702,"4E","RE20","BR",28,0,50,0,0,12.1108611766584,0.52215213004644,0,0,0,0,0,1.27234502470387,15.0089589025252,0,16.2813039272291,0,0,0,0,0,50,1225,0,1275,0,0,0,0,0,6.33568758967158,63.6994957244649,0,70.0351833141365,0,0,0,0,0,7.81476121562952,92.1852387843705,0,NA,NA,NA,12.4899959967968,NA,18,NA,NA,12.7510091872807
319801702,"4E","RE20","BR",28,10,60,0,0,14.1785537396518,0.538447601268042,0,0,0,0,0,1,18.0267258054199,0,19.0267258054199,0,0,0,0,0,25,1253.36391674746,0,1278.36391674746,0,0,0,0,0,1,83.5733275800277,0,84.5733275800277,0,0,0,0,0,5.25576502350784,94.7442349764922,0,NA,NA,NA,13.5324020418191,NA,22.5675833419103,NA,NA,13.7660656787243
319801702,"4E","RE20","BR",29,0,50,0,0,14.1947370215636,0.52215213004644,0,0,0,0,0,1.27234502470387,15.0089589025252,0,16.2813039272291,0,0,0,0,0,50,1225,0,1275,0,0,0,0,0,6.38300445740285,51.806413213891,0,58.1894176712939,0,0,0,0,0,7.81476121562952,92.1852387843705,0,NA,NA,NA,12.4899959967968,NA,18,NA,NA,12.7510091872807
319801702,"4E","RE20","BR",29,10,60,0,0,13.1614494613459,0.634412187161817,0,0,0,0,0,1,27.8017382745178,0,28.8017382745178,0,0,0,0,0,113.066011839405,1780.05977301544,0,1893.12578485485,0,0,0,0,0,1,136.17639898615,0,137.17639898615,0,0,0,0,0,3.47201266280773,96.5279873371923,0,NA,NA,NA,14.1017737224424,NA,10.611799174987,NA,NA,13.9179308284976
319801702,"4E","RE20","BR",30,0,50,0,0,13.3904855911953,0.52215213004644,0,0,0,0,0,1.27234502470387,15.0089589025252,0,16.2813039272291,0,0,0,0,0,50,1225,0,1275,0,0,0,0,0,6.22041078568847,61.8753664414556,0,68.0957772271441,0,0,0,0,0,7.81476121562952,92.1852387843705,0,NA,NA,NA,12.4899959967968,NA,18,NA,NA,12.7510091872807
319801702,"4E","RE20","BR",30,10,60,0,0,14.3330540681366,0.546150139778245,0,0,0,0,0,1.76702826453286,23.1876022525542,0,24.9546305170871,0,0,0,0,0,25,1522.07457028545,0,1547.07457028545,0,0,0,0,0,7.87252916306521,107.119027180358,0,114.991556343423,0,0,0,0,0,7.08096344413089,92.9190365558691,0,NA,NA,NA,13.9272385793778,NA,29.9990017371778,NA,NA,14.330950883234
400102903,"5O","RS25","BR",1,0,50,0,0,17.8399841817364,0.731890340915178,1.98705735339554,6.00829594999048,0,0,0,3.88772090881737,8.90641517292706,0.479092879672444,21.2685822648029,175,200,0,0,0,250,400,50,1075,7.47631609159642,44.8508647423085,0,0,0,17.5797310379759,58.5118127285521,1.54334571371544,129.962070314148,9.34268833087149,28.2496307237814,0,0,0,18.2791728212703,41.8759231905465,2.25258493353028,NA,NA,NA,16.8374582404827,11.0453610171873,14.0712472794703,12.0237859500005,19.5576072156079,15.8715776387915
400102903,"5O","RS25","BR",1,10,60,0,0,17.7575053145706,0.721818956881386,3.08714661651354,12.2362331159551,0,0,0,7.50442221362617,9.71205231752404,1,33.5398542636188,232.91511133119,252.931617103472,0,0,0,440.593358627601,381.519604713775,60.2201783792838,1368.17987015532,13.5442074577075,92.8271436599959,0,0,0,31.8752166126676,62.7350388086491,3.43634235021679,204.417948889237,9.20441273312931,36.4826663222204,0,0,0,22.3746416864021,28.9567516936376,2.98152756461055,NA,NA,NA,18.0033007353037,14.5406573526997,14.7263363739233,12.9907688161824,24.8186051723649,17.6670503479196
400102903,"5O","RS25","BR",2,0,50,0,0,17.6636837892058,0.731890340915178,1.98705735339554,6.00829594999048,0,0,0,3.88772090881737,8.90641517292706,0.479092879672444,21.2685822648029,175,200,0,0,0,250,400,50,1075,6.61247076934034,37.4103513131672,0,0,0,19.4340152645679,51.8851532738896,1.38173684255504,116.72372746352,9.34268833087149,28.2496307237814,0,0,0,18.2791728212703,41.8759231905465,2.25258493353028,NA,NA,NA,16.8374582404827,11.0453610171873,14.0712472794703,12.0237859500005,19.5576072156079,15.8715776387915
400102903,"5O","RS25","BR",2,10,60,0,0,17.7934052551033,0.802676442179979,2.3256138664682,6.57956657342273,0,0,0,5.48449968023245,11.0323472749879,0.519379718854323,25.9414071139656,168.518356077759,228.046029534743,0,0,0,246.62853853417,385.753759782841,94.3692425568329,1123.31592648635,12.0958590556528,51.1787977362404,0,0,0,30.6903676051703,70.8950658242025,4.387386699174,169.24747692044,8.96487170588447,25.36318305525,0,0,0,21.1418742866876,42.5279447121764,2.00212624000151,NA,NA,NA,19.0824414059506,8.37109591726434,16.8268143180341,13.2556264364067,19.1664837153866,17.1475021432738
400102903,"5O","RS25","BR",3,0,50,0,0,19.3958350603534,0.731890340915178,1.98705735339554,6.00829594999048,0,0,0,3.88772090881737,8.90641517292706,0.479092879672444,21.2685822648029,175,200,0,0,0,250,400,50,1075,8.02002951948298,40.8247264945701,0,0,0,17.8579167892444,60.3607617534219,0.779026912017443,127.842461468737,9.34268833087149,28.2496307237814,0,0,0,18.2791728212703,41.8759231905465,2.25258493353028,NA,NA,NA,16.8374582404827,11.0453610171873,14.0712472794703,12.0237859500005,19.5576072156079,15.8715776387915
400102903,"5O","RS25","BR",3,10,60,0,0,15.0432917475184,0.692350335183231,0.842595198539013,7.10165662139735,0,0,0,7.30853362931893,11.5583814434757,3.04541679592345,29.8565836886545,147.789860207649,84.8411986458061,0,0,0,322.327538357226,351.981735461465,170.475733810008,1077.41606648215,3.25351960677542,57.7862063394497,0,0,0,40.9387761914114,73.0571612610572,11.4028949260334,186.438558324727,2.82214203515588,23.7858982643617,0,0,0,24.478800741346,38.7130073688502,10.2001515902863,NA,NA,NA,20.4476548856516,15.0815904943715,16.991099315743,8.52005170114699,32.6461142557255,18.7837972480137
400102903,"5O","RS25","BR",4,0,50,0,0,17.1845994887949,0.731890340915178,1.98705735339554,6.00829594999048,0,0,0,3.88772090881737,8.90641517292706,0.479092879672444,21.2685822648029,175,200,0,0,0,250,400,50,1075,9.50256061018636,37.9771755241805,0,0,0,18.8106577470045,61.4119728687116,1.52406842058888,129.226435170672,9.34268833087149,28.2496307237814,0,0,0,18.2791728212703,41.8759231905465,2.25258493353028,NA,NA,NA,16.8374582404827,11.0453610171873,14.0712472794703,12.0237859500005,19.5576072156079,15.8715776387915
400102903,"5O","RS25","BR",4,10,60,0,0,19.5886298314685,0.720467754115814,2.93158469044571,3.21137826096492,0,0,0,5.16742499515209,13.2121158659319,1,25.5225038124946,173.409464153737,281.892052403734,0,0,0,273.738516237543,480.636652344655,63.1100792849074,1272.78676442458,12.5741794972706,14.2727391227472,0,0,0,28.334930856161,88.4177254549132,5.98432533472485,149.583900265817,11.4862738859129,12.5825361201152,0,0,0,20.2465441208882,51.7665349880911,3.91811088499258,NA,NA,NA,18.7082344187228,14.2038375440467,15.5033015935425,14.6713434446754,12.0436846381666,15.9786054369261
400102903,"5O","RS25","BR",5,0,50,0,0,19.6020340227792,0.731890340915178,1.98705735339554,6.00829594999048,0,0,0,3.88772090881737,8.90641517292706,0.479092879672444,21.2685822648029,175,200,0,0,0,250,400,50,1075,7.93571768780143,41.9891166923677,0,0,0,18.0905269053863,51.6386823894048,1.893091108143,121.547134783103,9.34268833087149,28.2496307237814,0,0,0,18.2791728212703,41.8759231905465,2.25258493353028,NA,NA,NA,16.8374582404827,11.0453610171873,14.0712472794703,12.0237859500005,19.5576072156079,15.8715776387915
400102903,"5O","RS25","BR",5,10,60,0,0,16.7866291447468,0.711267630036855,2.00948825961849,2.47970493853731,0,0,0,7.67993075949969,13.4088380406281,2.78099427901847,28.358956277302,131.924936352302,317.304373598299,0,0,0,497.769746787727,567.935085035027,134.891575005231,1649.82571677859,9.7315406111331,10.7175638395308,0,0,0,42.5836788014698,82.3878587353422,15.2502196622315,160.670861649707,7.08590344429158,8.74399224812806,0,0,0,27.0811474315314,47.2825512670939,9.80640560895509,NA,NA,NA,17.3380911798339,16.2017786407147,14.0158507025741,13.9262551950271,9.97509484328754,14.793847801199
400102903,"5O","RS25","BR",6,0,50,0,0,19.0442100709482,0.731890340915178,1.98705735339554,6.00829594999048,0,0,0,3.88772090881737,8.90641517292706,0.479092879672444,21.2685822648029,175,200,0,0,0,250,400,50,1075,6.95726263258672,36.6971125297468,0,0,0,17.8777699496635,53.9562369686508,1.54549421490966,117.033876295557,9.34268833087149,28.2496307237814,0,0,0,18.2791728212703,41.8759231905465,2.25258493353028,NA,NA,NA,16.8374582404827,11.0453610171873,14.0712472794703,12.0237859500005,19.5576072156079,15.8715776387915
400102903,"5O","RS25","BR",6,10,60,0,0,19.7264789926576,0.806036654616682,1.09852226259476,8.33236001047021,0,0,0,3.42813215107102,9.7376408248268,1,23.5966552489628,141.264539118298,230.988250300883,0,0,0,274.346691676872,209.505328577829,25,881.104809673881,4.93818273814941,63.4841999498167,0,0,0,14.1496183634676,80.2975873688665,7.45343196340401,170.323020383704,4.6554151467846,35.3116148138684,0,0,0,14.5280427030933,41.2670385785071,4.23788875774652,NA,NA,NA,24.3267671602607,22.5675833419103,12.6134524165752,9.95045436399434,21.4310834658366,18.4657306773984
400102903,"5O","RS25","BR",7,0,50,0,0,17.5295124927578,0.731890340915178,1.98705735339554,6.00829594999048,0,0,0,3.88772090881737,8.90641517292706,0.479092879672444,21.2685822648029,175,200,0,0,0,250,400,50,1075,8.0970456633256,39.0652032307673,0,0,0,19.1759446166211,52.346963412075,1.29690334393605,119.982060266725,9.34268833087149,28.2496307237814,0,0,0,18.2791728212703,41.8759231905465,2.25258493353028,NA,NA,NA,16.8374582404827,11.0453610171873,14.0712472794703,12.0237859500005,19.5576072156079,15.8715776387915
400102903,"5O","RS25","BR",7,10,60,0,0,19.2315531814599,0.748183846807708,4.26322459011208,4.89244048593229,0,0,0,5.39962082409162,11.1025770496839,3.36538493763826,29.0232478874582,284.809414655815,50.1895965162441,0,0,0,136.682413159329,421.114682056927,118.995590554559,1011.79169694287,19.6382129910327,46.7544460303085,0,0,0,37.2997617005819,69.5132069170329,19.8403072414448,193.045934880401,14.6889989936459,16.8569710216563,0,0,0,18.6044678563524,38.254082012929,11.5954801154165,NA,NA,NA,18.3217420972001,18.9761016589915,22.4274745342159,13.805336434647,35.2298653141953,19.1109602564222
400102903,"5O","RS25","BR",8,0,50,0,0,18.7765179213266,0.731890340915178,1.98705735339554,6.00829594999048,0,0,0,3.88772090881737,8.90641517292706,0.479092879672444,21.2685822648029,175,200,0,0,0,250,400,50,1075,7.78631369434076,38.7428502027142,0,0,0,18.3299080597361,61.3338244582322,1.23698393256056,127.429880347584,9.34268833087149,28.2496307237814,0,0,0,18.2791728212703,41.8759231905465,2.25258493353028,NA,NA,NA,16.8374582404827,11.0453610171873,14.0712472794703,12.0237859500005,19.5576072156079,15.8715776387915
400102903,"5O","RS25","BR",8,10,60,0,0,19.2598891582981,0.678735269845991,2.22743910092987,7.45110991797687,0,0,0,4.88613548366835,11.9065185765299,1.87928718663027,28.3504902657352,149.430568913139,170.893704998345,0,0,0,322.674878884506,429.445368914626,125.983094754958,1198.42761646557,15.404914496036,59.1413926461191,0,0,0,20.4035197415746,79.5481484344513,8.90705512944672,183.405030447628,7.85679217555537,26.2821201613659,0,0,0,17.2347477516951,41.9975755795668,6.62876433181686,NA,NA,NA,18.7885599302323,13.781468582764,13.8852989317245,13.7764796146046,23.5614770017979,17.3551927719303
400102903,"5O","RS25","BR",9,0,50,0,0,18.5268154176287,0.731890340915178,1.98705735339554,6.00829594999048,0,0,0,3.88772090881737,8.90641517292706,0.479092879672444,21.2685822648029,175,200,0,0,0,250,400,50,1075,7.21577206658846,46.6670465272716,0,0,0,20.5116758041698,61.2099337211215,1.35110143674524,136.955529555897,9.34268833087149,28.2496307237814,0,0,0,18.2791728212703,41.8759231905465,2.25258493353028,NA,NA,NA,16.8374582404827,11.0453610171873,14.0712472794703,12.0237859500005,19.5576072156079,15.8715776387915
400102903,"5O","RS25","BR",9,10,60,0,0,17.3857032922913,0.783916004692377,0.491974452444413,8.01951486071474,0,0,0,8.46225033850432,11.0099611955828,1.05300529247919,29.0367061397255,157.578325474606,112.458112375038,0,0,0,550.075571702245,417.093361003335,71.9653950639257,1309.17076561915,0.351878488943281,76.7940864527317,0,0,0,30.3340384514836,68.8234742584165,3.93033131504735,180.233808966622,1.69431908039782,27.6185419314594,0,0,0,29.1432860799835,37.9173902942109,3.62646261394836,NA,NA,NA,18.332906138077,13.6492402884384,13.9954483029657,6.30489842536877,30.132399226321,16.8046930683478
400102903,"5O","RS25","BR",10,0,50,0,0,18.7934382591068,0.731890340915178,1.98705735339554,6.00829594999048,0,0,0,3.88772090881737,8.90641517292706,0.479092879672444,21.2685822648029,175,200,0,0,0,250,400,50,1075,6.40804551003544,39.494950116051,0,0,0,20.4652946040711,63.1923359846083,1.43752971523145,130.998155929997,9.34268833087149,28.2496307237814,0,0,0,18.2791728212703,41.8759231905465,2.25258493353028,NA,NA,NA,16.8374582404827,11.0453610171873,14.0712472794703,12.0237859500005,19.5576072156079,15.8715776387915
400102903,"5O","RS25","BR",10,10,60,0,0,20.5385336254642,0.764237985048573,4.13047574491894,13.3800773166514,0,0,0,11.8681699266859,10.253936998612,0.556803718920279,40.1894637057885,200.92517057121,416.013459882651,0,0,0,585.368801775434,393.929270421852,109.156981447022,1705.39368409817,24.4187544078583,98.2868436260537,0,0,0,66.8618447267385,65.7882415736408,3.26763972982579,258.623324064117,10.2775089888149,33.2925002796797,0,0,0,29.5305506278166,25.5139931044543,1.38544699923448,NA,NA,NA,18.2050240011988,8.05898531156272,16.0669022368333,16.1784877565812,20.2362799909739,17.3220321236868
400102903,"5O","RS25","BR",11,0,50,0,0,16.2852007044009,0.731890340915178,1.98705735339554,6.00829594999048,0,0,0,3.88772090881737,8.90641517292706,0.479092879672444,21.2685822648029,175,200,0,0,0,250,400,50,1075,6.67002898250839,42.9412625826313,0,0,0,17.9844746901807,54.3727409500894,1.18538866288022,123.15389586829,9.34268833087149,28.2496307237814,0,0,0,18.2791728212703,41.8759231905465,2.25258493353028,NA,NA,NA,16.8374582404827,11.0453610171873,14.0712472794703,12.0237859500005,19.5576072156079,15.8715776387915
400102903,"5O","RS25","BR",11,10,60,0,0,16.5987247246443,0.756319599372766,6.26470124395112,13.2333191355736,0,0,0,13.6061635602782,10.3727919256637,2.20735979234123,45.6843356578078,336.568318365608,591.076330937792,0,0,0,722.746364941763,442.594845409999,54.8372462906416,2147.8231059458,34.408425270391,87.6878886463963,0,0,0,67.0622516592981,61.6020188270357,11.0032958638659,261.763880266987,13.7130181576372,28.9668634664974,0,0,0,29.782995340445,22.7053579225923,4.83176511282806,NA,NA,NA,17.2742705230149,22.6388209158744,15.4821027336149,15.3946076661978,16.8837016026105,16.4565752934096
400102903,"5O","RS25","BR",12,0,50,0,0,17.5939366736498,0.731890340915178,1.98705735339554,6.00829594999048,0,0,0,3.88772090881737,8.90641517292706,0.479092879672444,21.2685822648029,175,200,0,0,0,250,400,50,1075,7.43723411941315,43.5889614258646,0,0,0,17.3043089290572,53.2142522725155,1.64738571938733,123.192142466238,9.34268833087149,28.2496307237814,0,0,0,18.2791728212703,41.8759231905465,2.25258493353028,NA,NA,NA,16.8374582404827,11.0453610171873,14.0712472794703,12.0237859500005,19.5576072156079,15.8715776387915
400102903,"5O","RS25","BR",12,10,60,0,0,20.073730797629,0.736599455556392,0.631204538831533,8.02656740262507,0,0,0,5.24808974388977,12.5336920720346,1.60561390897413,28.0451676663551,179.452906602414,499.749603041384,0,0,0,301.295160347445,416.900621337012,101.672729771784,1499.07102110004,1,46.5248512118646,0,0,0,27.3297603889908,92.7022920915535,8.54624978791119,176.10315348032,2.25067129689073,28.6201441122219,0,0,0,18.7129911517189,44.6910933860127,5.72510005315582,NA,NA,NA,19.5649300038813,14.1799068591861,14.8922256443517,6.69213768119758,14.3002542459827,15.4338038090841
400102903,"5O","RS25","BR",13,0,50,0,0,19.9215057983672,0.731890340915178,1.98705735339554,6.00829594999048,0,0,0,3.88772090881737,8.90641517292706,0.479092879672444,21.2685822648029,175,200,0,0,0,250,400,50,1075,8.6160829611838,43.0525963823086,0,0,0,18.6335224484707,50.6533393330705,1.12733873365091,122.082879858685,9.34268833087149,28.2496307237814,0,0,0,18.2791728212703,41.8759231905465,2.25258493353028,NA,NA,NA,16.8374582404827,11.0453610171873,14.0712472794703,12.0237859500005,19.5576072156079,15.8715776387915
400102903,"5O","RS25","BR",13,10,60,0,0,22.2382978653449,0.596341082861426,1.72359071649635,6.74863981010585,0,0,0,5.11074688285995,14.1216679614816,1,28.7046453709438,69.8417061056529,128.661717824458,0,0,0,376.654756004555,568.450052557731,25,1168.6082324924,8.52750301127393,54.1287370227184,0,0,0,24.2601952890677,90.7894135158592,8.37862621961847,186.084475058538,6.00457066869412,23.5106190057208,0,0,0,17.8045985826158,49.1964550649919,3.48375667797746,NA,NA,NA,17.7849194171036,22.5675833419103,13.1439384798475,17.7261619387279,25.8427372060051,17.6846586507036
400102903,"5O","RS25","BR",14,0,50,0,0,18.612776966939,0.731890340915178,1.98705735339554,6.00829594999048,0,0,0,3.88772090881737,8.90641517292706,0.479092879672444,21.2685822648029,175,200,0,0,0,250,400,50,1075,9.31628193646065,38.5707651279873,0,0,0,18.6731043547223,54.3800174647496,1.84655931875416,122.786728202674,9.34268833087149,28.2496307237814,0,0,0,18.2791728212703,41.8759231905465,2.25258493353028,NA,NA,NA,16.8374582404827,11.0453610171873,14.0712472794703,12.0237859500005,19.5576072156079,15.8715776387915
400102903,"5O","RS25","BR",14,10,60,0,0,17.3979936295728,0.825927795258045,3.06888333804338,9.36095186520963,0,0,0,9.37470284192171,12.5507537284668,1.41741906299399,35.7727108366355,287.643117851505,27.1621867125896,0,0,0,530.116971156829,508.731303639169,142.114531578481,1495.76811093857,18.502407189365,116.13978695287,0,0,0,45.4115477445412,78.8970233535131,7.51432823931621,266.465093479606,8.5788391940945,26.1678571354534,0,0,0,26.2062969863634,35.084715233863,3.96229145022576,NA,NA,NA,17.7233466691898,11.2689888716475,15.0054132543676,11.6551604121835,66.241887725061,17.4501373764285
400102903,"5O","RS25","BR",15,0,50,0,0,19.4157056148909,0.731890340915178,1.98705735339554,6.00829594999048,0,0,0,3.88772090881737,8.90641517292706,0.479092879672444,21.2685822648029,175,200,0,0,0,250,400,50,1075,8.95193292481469,43.5694314113071,0,0,0,17.9540390849773,50.9806976931595,1.13880567495813,122.594906789217,9.34268833087149,28.2496307237814,0,0,0,18.2791728212703,41.8759231905465,2.25258493353028,NA,NA,NA,16.8374582404827,11.0453610171873,14.0712472794703,12.0237859500005,19.5576072156079,15.8715776387915
400102903,"5O","RS25","BR",15,10,60,0,0,19.5931245981871,0.696385095994783,1.5673925520538,9.7387448001948,0,0,0,0.326161068249797,9.0855637572281,0.621609731503035,21.3394719092295,97.0407520465785,46.1976766402131,0,0,0,25,319.000424722529,150.032972984266,637.271826393587,13.5337529271307,109.853306874741,0,0,0,5.19146715642588,54.8725680445423,1.36144183129096,184.812536834131,7.34503908400791,45.6372343309147,0,0,0,1.52844020525517,42.5763289545066,2.91295742531558,NA,NA,NA,19.0430000632571,7.26307626075288,12.8884625933228,14.3405851289481,51.8079591581976,20.6483110425587
400102903,"5O","RS25","BR",16,0,50,0,0,18.4845409443236,0.731890340915178,1.98705735339554,6.00829594999048,0,0,0,3.88772090881737,8.90641517292706,0.479092879672444,21.2685822648029,175,200,0,0,0,250,400,50,1075,6.93124774083228,45.2985224286668,0,0,0,19.2383322475857,57.4416538633199,1.10528295589836,130.015039236303,9.34268833087149,28.2496307237814,0,0,0,18.2791728212703,41.8759231905465,2.25258493353028,NA,NA,NA,16.8374582404827,11.0453610171873,14.0712472794703,12.0237859500005,19.5576072156079,15.8715776387915
400102903,"5O","RS25","BR",16,10,60,0,0,21.3131740162549,0.734471339757098,5.72891139825316,4.60131363992356,0,0,0,9.48261955885892,10.6293213354076,3.07919532686256,33.5213612593058,464.560486844199,173.989963874327,0,0,0,513.449760501345,404.326913142108,56.5283336524156,1612.85545801439,26.9995986924091,32.6907380204013,0,0,0,52.1881487371571,71.9570402234399,18.5109785529494,202.346504226357,17.0903304133055,13.7265118929089,0,0,0,28.2882890271244,31.7090981275613,9.1857705390999,NA,NA,NA,18.295382869521,26.335440505132,15.3345220752295,12.5305455068267,18.3499074813743,16.2674004771029
400102903,"5O","RS25","BR",17,0,50,0,0,18.1648859692549,0.731890340915178,1.98705735339554,6.00829594999048,0,0,0,3.88772090881737,8.90641517292706,0.479092879672444,21.2685822648029,175,200,0,0,0,250,400,50,1075,8.17698462639621,42.5579052848589,0,0,0,19.7454894971149,53.8714911943674,2.00712002601223,126.35899062875,9.34268833087149,28.2496307237814,0,0,0,18.2791728212703,41.8759231905465,2.25258493353028,NA,NA,NA,16.8374582404827,11.0453610171873,14.0712472794703,12.0237859500005,19.5576072156079,15.8715776387915
400102903,"5O","RS25","BR",17,10,60,0,0,18.8607037441276,0.754782705859504,1.90541006190486,7.42217080884584,0,0,0,1.97563835260943,9.09510151296765,2.69685540208471,23.0951761384125,105.710526690519,273.69632217335,0,0,0,231.078776932006,505.866550505451,98.511588001834,1214.86376430316,6.01596054033818,50.4405621302633,0,0,0,5.96106306732335,47.488366271909,16.9169731979639,126.822925207798,8.25025126669518,32.1373206437733,0,0,0,8.55433334116685,39.3809575578012,11.6771371905635,NA,NA,NA,15.1300670610989,18.6698242653226,10.4334695626015,15.1492163574735,18.5817259595168,15.5579334498563
400102903,"5O","RS25","BR",18,0,50,0,0,18.2035565387169,0.731890340915178,1.98705735339554,6.00829594999048,0,0,0,3.88772090881737,8.90641517292706,0.479092879672444,21.2685822648029,175,200,0,0,0,250,400,50,1075,6.80458736699739,40.1024438369124,0,0,0,19.0063138038948,49.5659409694425,1.26601228609023,116.745298263337,9.34268833087149,28.2496307237814,0,0,0,18.2791728212703,41.8759231905465,2.25258493353028,NA,NA,NA,16.8374582404827,11.0453610171873,14.0712472794703,12.0237859500005,19.5576072156079,15.8715776387915
400102903,"5O","RS25","BR",18,10,60,0,0,19.2284780097822,0.737263241510972,1.87236312612556,7.14330882165999,0,0,0,3.68668766597022,14.4769326420399,2.647656878499,29.8269491342946,180.072481067507,121.382429409473,0,0,0,14.4026116314347,629.159329917405,138.653630771651,1083.67048279747,4.40533213421099,65.8049386777553,0,0,0,36.1558072602755,90.1165743661013,13.0928188243484,209.575471262691,6.27742085754505,23.9491769322351,0,0,0,12.3602573275968,48.5364177772861,8.87672710533696,NA,NA,NA,17.1164231915979,15.5926628034473,57.0890225501,11.5060544511416,27.3732812497651,18.7202159386295
400102903,"5O","RS25","BR",19,0,50,0,0,19.9222406262208,0.731890340915178,1.98705735339554,6.00829594999048,0,0,0,3.88772090881737,8.90641517292706,0.479092879672444,21.2685822648029,175,200,0,0,0,250,400,50,1075,6.87061062659641,37.4824285844158,0,0,0,19.7360273525225,55.4493354513165,1.57378257838091,121.112184593232,9.34268833087149,28.2496307237814,0,0,0,18.2791728212703,41.8759231905465,2.25258493353028,NA,NA,NA,16.8374582404827,11.0453610171873,14.0712472794703,12.0237859500005,19.5576072156079,15.8715776387915
400102903,"5O","RS25","BR",19,10,60,0,0,18.607804715508,0.783644507599929,1.85805795766679,10.4051790291622,0,0,0,11.2978908678439,5.51191157183195,1.48756093563982,30.5606003621447,190.013264810655,195.91832945408,0,0,0,622.322899823885,148.393925704066,107.992941783186,1264.64136157587,4.66653472912874,80.0589393992818,0,0,0,68.0677053900315,35.0955574441122,7.37544955050541,195.26418651306,6.07991314191706,34.0476918184207,0,0,0,36.9688119145676,18.036005531683,4.86757759341161,NA,NA,NA,21.7469380866753,13.2432554398204,15.2035797280214,11.1581636743657,26.0041284912348,17.5409176334205
400102903,"5O","RS25","BR",20,0,50,0,0,19.1421126203959,0.731890340915178,1.98705735339554,6.00829594999048,0,0,0,3.88772090881737,8.90641517292706,0.479092879672444,21.2685822648029,175,200,0,0,0,250,400,50,1075,10.4966935022569,45.9561508775728,0,0,0,19.0708650418277,59.3609762683855,1.27703720233724,136.16172289238,9.34268833087149,28.2496307237814,0,0,0,18.2791728212703,41.8759231905465,2.25258493353028,NA,NA,NA,16.8374582404827,11.0453610171873,14.0712472794703,12.0237859500005,19.5576072156079,15.8715776387915
400102903,"5O","RS25","BR",20,10,60,0,0,21.9915808414177,0.784619733973424,5.51617395137591,8.15189650418768,0,0,0,5.73416479982666,10.8539616543075,1,31.2561969096977,280.352217724052,214.094855567344,0,0,0,234.994829305454,491.547792387108,25,1245.98969498396,27.3867784175652,59.1857802416613,0,0,0,36.2606869309916,68.3884603226858,4.16576754952945,195.387473462433,17.6482569754493,26.0808969425785,0,0,0,18.3456893888698,34.7257911308456,3.19936556225666,NA,NA,NA,16.7674231996462,22.5675833419103,17.6262932533152,15.8278540848994,22.0181726097173,17.8717014631707
400102903,"5O","RS25","BR",21,0,50,0,0,19.0701496083744,0.731890340915178,1.98705735339554,6.00829594999048,0,0,0,3.88772090881737,8.90641517292706,0.479092879672444,21.2685822648029,175,200,0,0,0,250,400,50,1075,6.54117718604563,39.9159212330762,0,0,0,19.4614307921284,55.2934635391107,1.66512843211708,122.877121182478,9.34268833087149,28.2496307237814,0,0,0,18.2791728212703,41.8759231905465,2.25258493353028,NA,NA,NA,16.8374582404827,11.0453610171873,14.0712472794703,12.0237859500005,19.5576072156079,15.8715776387915
400102903,"5O","RS25","BR",21,10,60,0,0,19.0767090788817,0.867231074437283,4.29924467416835,13.5222360799328,0,0,0,1,10.1077780705189,0.939875547143014,29.8691343717631,263.413276062749,206.496799258323,0,0,0,25,235.247331126402,139.582432960508,869.739839407983,15.6680062428916,110.880304400614,0,0,0,4.55229104050338,75.8098285093928,4.58727616730522,211.497706360707,14.3936031779771,45.2716034941947,0,0,0,3.34793766552992,33.8402109171076,3.14664474519064,NA,NA,NA,23.389479414014,9.2592295851077,22.5675833419103,14.4155863021097,28.8750439580107,20.9108504327887
400102903,"5O","RS25","BR",22,0,50,0,0,18.5520463054113,0.731890340915178,1.98705735339554,6.00829594999048,0,0,0,3.88772090881737,8.90641517292706,0.479092879672444,21.2685822648029,175,200,0,0,0,250,400,50,1075,6.74565974883208,41.0188796674118,0,0,0,18.1102382880036,52.9369056410473,1.0185694584481,119.830252803743,9.34268833087149,28.2496307237814,0,0,0,18.2791728212703,41.8759231905465,2.25258493353028,NA,NA,NA,16.8374582404827,11.0453610171873,14.0712472794703,12.0237859500005,19.5576072156079,15.8715776387915
400102903,"5O","RS25","BR",22,10,60,0,0,16.2263696186244,0.68832740867457,1.38753241790073,9.66608070227652,0,0,0,3.85675499657752,9.91136935710563,2.12808503637893,26.9498225102393,164.935094516967,307.122465342669,0,0,0,315.641487471652,375.435631144659,75.5570319285139,1238.69171040446,6.11715349203733,76.185887489,0,0,0,9.64952962781537,58.1817988095887,9.93476740987513,160.069136828317,5.1485772025903,35.8669549627052,0,0,0,14.3108734579316,36.7771229414958,7.8964714352771,NA,NA,NA,18.3338699344526,18.9370403093142,12.4729460557032,10.3495172277182,20.0181746995844,16.6437582233857
400102903,"5O","RS25","BR",23,0,50,0,0,18.6718951616869,0.731890340915178,1.98705735339554,6.00829594999048,0,0,0,3.88772090881737,8.90641517292706,0.479092879672444,21.2685822648029,175,200,0,0,0,250,400,50,1075,6.84508156692017,43.1035198882336,0,0,0,17.1472668780191,58.9860322886399,1.44081364659733,127.52271426841,9.34268833087149,28.2496307237814,0,0,0,18.2791728212703,41.8759231905465,2.25258493353028,NA,NA,NA,16.8374582404827,11.0453610171873,14.0712472794703,12.0237859500005,19.5576072156079,15.8715776387915
400102903,"5O","RS25","BR",23,10,60,0,0,22.26732760659,0.713428434306532,3.5937158108946,11.8252870906151,0,0,0,4.29988134913202,11.3475591604694,1.12270654757688,32.189149958688,212.441849867249,659.126307399387,0,0,0,322.400465202309,379.414095703405,1.94274225988419,1575.32546043223,16.0748859116664,78.9392155836176,0,0,0,21.9717194531314,81.0279531092522,8.98078386002421,206.994557917692,11.1643700299847,36.7368728462598,0,0,0,13.3581699257376,35.2527456457626,3.48784155225528,NA,NA,NA,19.5141462902294,85.7789238335976,13.0312316570664,14.6759724315715,15.113901343857,16.1296397362671
400102903,"5O","RS25","BR",24,0,50,0,0,19.3268223171839,0.731890340915178,1.98705735339554,6.00829594999048,0,0,0,3.88772090881737,8.90641517292706,0.479092879672444,21.2685822648029,175,200,0,0,0,250,400,50,1075,9.98832841766569,35.7161170436398,0,0,0,20.4544539447496,45.907262936898,1.48907436649129,113.555236709444,9.34268833087149,28.2496307237814,0,0,0,18.2791728212703,41.8759231905465,2.25258493353028,NA,NA,NA,16.8374582404827,11.0453610171873,14.0712472794703,12.0237859500005,19.5576072156079,15.8715776387915
400102903,"5O","RS25","BR",24,10,60,0,0,18.92063922035,0.794338035917012,4.53179592434952,10.5541676765991,0,0,0,1.04526970603303,16.5546836342484,1.32163679678718,34.0075537380173,361.643341968744,608.417154605702,0,0,0,25,744.324882211029,185.228025851686,1924.61340463716,19.7710479763447,63.1648039288023,0,0,0,6.64894564552472,96.4136759894088,3.41433086943438,189.412804409515,13.3258509543525,31.034774679487,0,0,0,3.07363979804438,48.6794309340216,3.88630363409444,NA,NA,NA,16.8280670383893,9.53142360080168,23.0727434401282,12.6313565586398,14.8616260312831,14.9993003859756
400102903,"5O","RS25","BR",25,0,50,0,0,18.810771517486,0.731890340915178,1.98705735339554,6.00829594999048,0,0,0,3.88772090881737,8.90641517292706,0.479092879672444,21.2685822648029,175,200,0,0,0,250,400,50,1075,7.17473905406613,37.1752509170649,0,0,0,19.6036266947243,48.6175156664625,1.31342264190066,113.884554974219,9.34268833087149,28.2496307237814,0,0,0,18.2791728212703,41.8759231905465,2.25258493353028,NA,NA,NA,16.8374582404827,11.0453610171873,14.0712472794703,12.0237859500005,19.5576072156079,15.8715776387915
400102903,"5O","RS25","BR",25,10,60,0,0,19.993142220183,0.617444565018297,2.62463552402335,5.70182159016075,0,0,0,6.57480570183729,15.5210671538176,1,31.422329969839,282.288616420191,25,0,0,0,519.037459612102,624.808457761179,25,1476.13453379347,11.3797205902211,66.4376155062574,0,0,0,28.551315683744,99.4763514575807,2.28518366162053,208.130186899424,8.35277182354914,18.1457632060821,0,0,0,20.9239916586331,49.3950231211869,3.18245019054876,NA,NA,NA,17.784530247126,22.5675833419103,12.6998084207737,10.8803503022693,53.8879753771373,16.4630873122289
400102903,"5O","RS25","BR",26,0,50,0,0,18.210710584405,0.731890340915178,1.98705735339554,6.00829594999048,0,0,0,3.88772090881737,8.90641517292706,0.479092879672444,21.2685822648029,175,200,0,0,0,250,400,50,1075,8.25046815605241,38.1986527693664,0,0,0,19.0271452455534,56.1222017846171,1.62871089884415,123.227178854433,9.34268833087149,28.2496307237814,0,0,0,18.2791728212703,41.8759231905465,2.25258493353028,NA,NA,NA,16.8374582404827,11.0453610171873,14.0712472794703,12.0237859500005,19.5576072156079,15.8715776387915
400102903,"5O","RS25","BR",26,10,60,0,0,20.3664777368915,0.669416214101336,1,8.59865907597068,0,0,0,3.00529713713255,11.5294526287555,0.575029506961747,24.7084383488205,71.6600972058135,49.5065931832976,0,0,0,152.882285154853,436.06659871801,25,735.115574261974,0.618602953483223,94.7307270181656,0,0,0,14.5415318762673,70.3706089707339,1.41233129058018,181.67380210923,4.04720033651069,34.8004959058092,0,0,0,12.1630395847175,46.6620045588835,2.32725961407916,NA,NA,NA,18.347757553317,17.1131564318598,15.8204992821696,13.3295768492201,47.026093584948,20.6871134480845
400102903,"5O","RS25","BR",27,0,50,0,0,17.1550392676296,0.731890340915178,1.98705735339554,6.00829594999048,0,0,0,3.88772090881737,8.90641517292706,0.479092879672444,21.2685822648029,175,200,0,0,0,250,400,50,1075,6.7463032001013,34.341761911733,0,0,0,16.4219797850229,60.5067314153629,1.32887515156724,119.345651463787,9.34268833087149,28.2496307237814,0,0,0,18.2791728212703,41.8759231905465,2.25258493353028,NA,NA,NA,16.8374582404827,11.0453610171873,14.0712472794703,12.0237859500005,19.5576072156079,15.8715776387915
400102903,"5O","RS25","BR",27,10,60,0,0,16.8679532347601,0.616606714281825,2.41177077805644,10.758919257449,0,0,0,5.36108718094676,7.18614267573419,1,26.7179198921864,241.295578042644,512.923574154615,0,0,0,260.845530285678,104.597822963222,0.423055175095344,1120.08556062125,7.46469963332059,68.9770254580465,0,0,0,23.9572996272408,58.914051579757,5.19190641476579,164.504982713131,9.02679096197813,40.2685512227897,0,0,0,20.0655110973463,26.8963403765417,3.74280634134414,NA,NA,NA,29.5761509667834,173.482852049979,16.1766948981962,11.2810205961497,16.3422952898361,17.4273270590486
400102903,"5O","RS25","BR",28,0,50,0,0,19.0382455862545,0.731890340915178,1.98705735339554,6.00829594999048,0,0,0,3.88772090881737,8.90641517292706,0.479092879672444,21.2685822648029,175,200,0,0,0,250,400,50,1075,9.29880214060429,43.1737392949985,0,0,0,18.4116244987657,62.3739822264157,1.71653238771447,134.974680548499,9.34268833087149,28.2496307237814,0,0,0,18.2791728212703,41.8759231905465,2.25258493353028,NA,NA,NA,16.8374582404827,11.0453610171873,14.0712472794703,12.0237859500005,19.5576072156079,15.8715776387915
400102903,"5O","RS25","BR",28,10,60,0,0,18.7566942385627,0.811805043227179,2.30963467025973,8.20468350282149,0,0,0,2.49107142285679,13.8621567908798,1.00169186026057,27.8692382470784,162.739273525352,482.385443229433,0,0,0,45.8698923251223,662.043676087362,112.475131334563,1465.51341650183,10.6535211955361,55.0149265144572,0,0,0,16.5816915402479,78.0614030099993,6.7757164234265,167.087258683667,8.28739791803192,29.4399273854628,0,0,0,8.93842666517066,49.7399916997481,3.5942563315866,NA,NA,NA,16.3277800696979,10.6486334328698,26.2956729000539,13.4425146337062,14.7159694910586,15.5604699463152
400102903,"5O","RS25","BR",29,0,50,0,0,17.2237243778478,0.731890340915178,1.98705735339554,6.00829594999048,0,0,0,3.88772090881737,8.90641517292706,0.479092879672444,21.2685822648029,175,200,0,0,0,250,400,50,1075,6.66161683558994,45.9915164578803,0,0,0,20.4507646771495,48.2510501056934,1.43536432786091,122.790312404174,9.34268833087149,28.2496307237814,0,0,0,18.2791728212703,41.8759231905465,2.25258493353028,NA,NA,NA,16.8374582404827,11.0453610171873,14.0712472794703,12.0237859500005,19.5576072156079,15.8715776387915
400102903,"5O","RS25","BR",29,10,60,0,0,19.5924251453724,0.658180968552418,5.24600085723525,7.42881241864849,0,0,0,4.27914350253957,9.34932943434023,1,27.3032862127635,345.76689034656,327.466465842927,0,0,0,409.459041136837,366.688285873775,136.326189326929,1585.70687252703,18.8131175801875,48.6161895811576,0,0,0,22.5107657833675,58.8544412113625,2.13037339286503,150.92488754894,19.2138075115034,27.2084919037172,0,0,0,15.6726317454754,34.242506053977,3.66256278532702,NA,NA,NA,18.0175930087008,9.66418893249119,11.5352829609839,13.8988073696323,16.9953979890021,14.8064541439559
400102903,"5O","RS25","BR",30,0,50,0,0,18.369120525786,0.731890340915178,1.98705735339554,6.00829594999048,0,0,0,3.88772090881737,8.90641517292706,0.479092879672444,21.2685822648029,175,200,0,0,0,250,400,50,1075,7.75858612589157,41.6882820210828,0,0,0,20.3096803813673,56.0152940570726,1.08011834553551,126.85196093095,9.34268833087149,28.2496307237814,0,0,0,18.2791728212703,41.8759231905465,2.25258493353028,NA,NA,NA,16.8374582404827,11.0453610171873,14.0712472794703,12.0237859500005,19.5576072156079,15.8715776387915
400102903,"5O","RS25","BR",30,10,60,0,0,18.3361163809182,0.858090558495308,2.94236906844282,8.3087721770806,0,0,0,4.52042329799069,12.4315946255104,2.38621401489252,30.589373183917,245.434207218002,25,0,0,0,481.89551857981,344.193100381113,196.570908259669,1293.09373443859,10.5894158643101,98.7741850250268,0,0,0,17.1031933404629,93.1524423282931,7.10582096244785,226.725057520541,9.6189256666097,27.1622832122925,0,0,0,14.7777571995735,40.6402398335071,7.80079408801722,NA,NA,NA,21.4445728076352,12.432261405743,10.9286915289205,12.3548104420441,65.0509256015756,17.3550290330328
